"start";"end";"label"
0.0;2.181818181818182;"Bm"
2.181818181818182;4.363636363636364;"E"
4.363636363636364;6.545454545454547;"C#m"
6.545454545454547;8.727272727272728;"F#m"
8.727272727272728;10.90909090909091;"Bm"
10.90909090909091;13.090909090909093;"E"
13.090909090909093;15.272727272727275;"A"
15.272727272727275;17.454545454545457;"A"
