"start";"end";"label"
0.0;2.142857142857143;"E"
2.142857142857143;4.285714285714286;"E"
4.285714285714286;6.428571428571429;"A"
6.428571428571429;8.571428571428571;"B"
8.571428571428571;10.714285714285714;"C#m"
10.714285714285714;12.857142857142858;"A"
12.857142857142858;15.0;"B"
15.0;17.142857142857142;"B"
