"start";"end";"label"
0.0;2.142857142857143;"E"
2.142857142857143;4.285714285714286;"E"
4.285714285714286;6.428571428571429;"G#m"
6.428571428571429;8.571428571428571;"A"
8.571428571428571;10.714285714285714;"E"
10.714285714285714;12.857142857142858;"E"
12.857142857142858;15.0;"C#m"
15.0;17.142857142857142;"B"
