"start";"end";"label"
0.0;5.5813953488372094;"Em7"
5.5813953488372094;11.162790697674419;"Cmaj7"
11.162790697674419;16.74418604651163;"Em7"
16.74418604651163;19.53488372093023;"Cmaj7"
19.53488372093023;22.325581395348838;"D"
