"start";"end";"label"
0.0;3.5294117647058822;"Fmaj7"
3.5294117647058822;7.0588235294117645;"Em7"
7.0588235294117645;8.823529411764707;"Dm7"
8.823529411764707;10.588235294117647;"G7"
10.588235294117647;12.352941176470587;"C"
12.352941176470587;14.117647058823529;"C7"
14.117647058823529;17.647058823529413;"Fmaj7"
17.647058823529413;19.41176470588235;"Em7"
19.41176470588235;21.176470588235293;"Am7"
21.176470588235293;24.705882352941174;"Dm7"
24.705882352941174;28.235294117647058;"G"
