"start";"end";"label"
0.0;5.5813953488372094;"G"
5.5813953488372094;11.162790697674419;"Em7"
11.162790697674419;16.74418604651163;"C"
16.74418604651163;22.325581395348838;"D"
