"start";"end";"label"
0.0;3.5294117647058822;"A"
3.5294117647058822;7.0588235294117645;"Amaj7"
7.0588235294117645;10.588235294117647;"D"
10.588235294117647;14.117647058823529;"D"
14.117647058823529;17.647058823529413;"A"
17.647058823529413;21.176470588235293;"Amaj7"
21.176470588235293;24.705882352941174;"D"
24.705882352941174;28.235294117647058;"D"
