"start";"end";"label"
0.0;2.4;"Cmaj7"
2.4;4.8;"D7"
4.8;7.199999999999999;"G"
7.199999999999999;9.6;"G"
9.6;12.0;"Cmaj7"
12.0;14.399999999999999;"D7"
14.399999999999999;16.8;"G"
16.8;19.2;"G"
