"start";"end";"label"
0.0;3.037974683544304;"D"
3.037974683544304;6.075949367088608;"Dmaj7"
6.075949367088608;9.113924050632912;"Em7"
9.113924050632912;12.151898734177216;"A"
12.151898734177216;15.18987341772152;"D"
15.18987341772152;18.227848101265824;"Dmaj7"
18.227848101265824;21.265822784810126;"Em7"
21.265822784810126;24.303797468354432;"A"
