"start";"end";"label"
0.0;3.2876712328767126;"E"
3.2876712328767126;6.575342465753425;"A"
6.575342465753425;9.863013698630137;"C#m"
9.863013698630137;11.506849315068495;"A"
11.506849315068495;13.15068493150685;"B"
13.15068493150685;16.438356164383563;"E"
16.438356164383563;19.726027397260275;"A"
19.726027397260275;23.01369863013699;"C#m"
23.01369863013699;24.657534246575345;"A"
24.657534246575345;26.3013698630137;"B"
