"start";"end";"label"
0.0;2.4;"G"
2.4;4.8;"Em7"
4.8;7.199999999999999;"Cmaj7"
7.199999999999999;9.6;"D"
9.6;12.0;"G"
12.0;14.399999999999999;"Em7"
14.399999999999999;16.8;"Cmaj7"
16.8;19.2;"D"
