"start";"end";"label"
0.0;2.181818181818182;"G"
2.181818181818182;4.363636363636364;"A"
4.363636363636364;6.545454545454547;"F#m7"
6.545454545454547;8.727272727272728;"Bm"
8.727272727272728;10.90909090909091;"G"
10.90909090909091;13.090909090909093;"A"
13.090909090909093;15.272727272727275;"F#m7"
15.272727272727275;17.454545454545457;"Bm"
